{
    "NDT": 0,
    "RDVs": [
        0.0,
        -0.0737236961722374,
        -0.05684654414653778,
        -0.20219853520393372,
        -0.2094893455505371,
        -0.2864656448364258,
        -0.2499413788318634,
        -0.23342449963092804,
        -0.19161364436149597,
        -0.16553276777267456,
        -0.20533058047294617,
        -0.1788775473833084,
        -0.06284430623054504,
        -0.06440573930740356,
        -0.14217150211334229,
        -0.10399650782346725,
        -0.03451188653707504,
        0.027010507881641388,
        0.06584376096725464,
        -0.023796118795871735,
        -0.010268193669617176,
        0.0007261522114276886,
        0.053891733288764954,
        -0.01624927669763565,
        0.07924578338861465,
        0.11396804451942444,
        0.025591999292373657,
        0.023301122710108757,
        0.07771427184343338,
        -0.008038558065891266,
        -0.023765895515680313,
        -0.0104842409491539,
        -0.003547972533851862,
        0.1278403252363205,
        0.07223877310752869,
        0.14273059368133545,
        0.1673041731119156,
        0.12497001886367798,
        0.0226871520280838,
        0.07715971767902374,
        0.01761218160390854,
        -0.007124839350581169,
        -0.05366828292608261,
        -0.08268183469772339,
        -0.1492709517478943,
        -0.1998664140701294,
        -0.2764727771282196,
        -0.33809828758239746,
        -0.3099763095378876,
        -0.33659324049949646,
        -0.43345895409584045,
        -0.4959650933742523,
        -0.43561258912086487,
        -0.5541125535964966,
        -0.6734874844551086,
        -0.70871502161026,
        -0.6409428715705872,
        -0.6414379477500916,
        -0.6139230728149414,
        -0.6144492030143738,
        -0.5678212642669678,
        -0.5162076950073242,
        -0.4552660584449768,
        -0.41273027658462524,
        -0.30805033445358276,
        -0.2668791115283966,
        -0.2397330403327942,
        -0.2950981855392456,
        -0.21382607519626617,
        -0.2960774898529053,
        -0.2794562578201294,
        -0.35279935598373413,
        -0.31033098697662354,
        -0.39712005853652954,
        -0.4272468686103821,
        -0.41901856660842896,
        -0.41199445724487305,
        -0.397505521774292,
        -0.38433441519737244,
        -0.3258938789367676,
        -0.260947585105896,
        -0.28256136178970337,
        -0.31050199270248413,
        -0.2731855511665344,
        -0.21497465670108795,
        -0.2734006941318512,
        -0.37824201583862305,
        -0.5036792159080505,
        -0.5682819485664368,
        -0.5332881212234497,
        -0.5700052380561829,
        -0.42576032876968384,
        -0.4597274661064148,
        -0.573566734790802,
        -0.680651843547821,
        -0.6705411076545715,
        -0.6493339538574219,
        -0.713234543800354,
        -0.8190323114395142,
        -0.8376445174217224,
        -0.7552911043167114,
        -0.720140814781189,
        -0.7472628355026245,
        -0.786304235458374,
        -0.8785247206687927,
        -0.9672344923019409,
        -0.8816796541213989,
        -0.8225157260894775,
        -0.7457253932952881,
        -0.6951282620429993,
        -0.6761527061462402,
        -0.6710761189460754,
        -0.5943141579627991,
        -0.6208863258361816,
        -0.6181864738464355,
        -0.7618339657783508,
        -0.83912193775177,
        -0.7729222774505615,
        -0.8344769477844238,
        -0.8722499012947083,
        -0.8551541566848755,
        -0.8427140116691589,
        -0.8437811732292175,
        -0.7663765549659729,
        -0.7685248851776123,
        -0.745140016078949,
        -0.7907120585441589,
        -0.8104685544967651,
        -0.8265765309333801,
        -0.7799683213233948,
        -0.8564728498458862,
        -0.8509699106216431,
        -0.9177336096763611,
        -0.9378835558891296,
        -0.9560208320617676,
        -0.9840140342712402,
        -0.9765816330909729,
        -0.9245167374610901,
        -0.9008172154426575,
        -0.8501189351081848,
        -0.8660415410995483,
        -0.8755353093147278,
        -0.8722830414772034,
        -0.8842071890830994,
        -0.8051866292953491,
        -0.8479158282279968,
        -0.857753574848175,
        -0.9447765350341797,
        -0.9958378672599792,
        -0.8772556781768799,
        -0.8935363292694092,
        -0.9593194723129272,
        -1.0327636003494263
    ],
    "RT": 1520,
    "barrier": 1.0,
    "bias": 0.0,
    "choice": 1,
    "d": 0.004999999888241291,
    "sigma": 0.06499999761581421,
    "timeStep": 10,
    "vl": 10,
    "vr": 10
}
