{
    "NDT": 0,
    "RDVs": [
        0.0,
        -0.05279676616191864,
        -0.08759839832782745,
        -0.09498726576566696,
        -0.2288423478603363,
        -0.1614845246076584,
        -0.06856770813465118,
        -0.16054324805736542,
        -0.2560865879058838,
        -0.3359028697013855,
        -0.20069466531276703,
        -0.10655952990055084,
        -0.17280235886573792,
        -0.07975595444440842,
        -0.09108301997184753,
        -0.08766204863786697,
        0.0018776506185531616,
        0.0013155967462807894,
        0.016046032309532166,
        -0.06777919828891754,
        -0.05070168524980545,
        0.020103394985198975,
        0.020103394985198975,
        -0.041173551231622696,
        -0.06752105802297592,
        -0.14393846690654755,
        -0.06572951376438141,
        -0.1728595793247223,
        -0.18458721041679382,
        -0.10458710044622421,
        -0.07290880382061005,
        -0.2006639838218689,
        -0.3493189811706543,
        -0.41352519392967224,
        -0.48074841499328613,
        -0.41644471883773804,
        -0.39499059319496155,
        -0.3387157917022705,
        -0.32102441787719727,
        -0.29968908429145813,
        -0.134908527135849,
        -0.038705192506313324,
        0.004231009632349014,
        0.08673661947250366,
        0.07616213709115982,
        0.06290736794471741,
        0.13719302415847778,
        0.13788890838623047,
        0.23614516854286194,
        0.18393594026565552,
        0.19949886202812195,
        0.23196017742156982,
        0.2574854791164398,
        0.11477985978126526,
        0.18080994486808777,
        0.1399616003036499,
        0.06786932051181793,
        0.1063605546951294,
        0.2784535586833954,
        0.35480284690856934,
        0.29764068126678467,
        0.2456231415271759,
        0.311367392539978,
        0.38298094272613525,
        0.3375568091869354,
        0.35247641801834106,
        0.3476552963256836,
        0.4004005491733551,
        0.38480255007743835,
        0.4851408004760742,
        0.5425953269004822,
        0.5400053262710571,
        0.4917919933795929,
        0.4909694194793701,
        0.5242122411727905,
        0.5338377356529236,
        0.5155396461486816,
        0.5721454620361328,
        0.560754120349884,
        0.6340685486793518,
        0.665574312210083,
        0.6961358785629272,
        0.6674604415893555,
        0.5908317565917969,
        0.5412176251411438,
        0.5444329977035522,
        0.49881771206855774,
        0.5196545124053955,
        0.440549373626709,
        0.3895535469055176,
        0.41082826256752014,
        0.39340710639953613,
        0.5319702625274658,
        0.5061313509941101,
        0.49454328417778015,
        0.5466410517692566,
        0.5434714555740356,
        0.5513200759887695,
        0.6114420294761658,
        0.6242128610610962,
        0.5685659050941467,
        0.4528842568397522,
        0.48164674639701843,
        0.3194733262062073,
        0.2326926290988922,
        0.14917020499706268,
        0.14714288711547852,
        0.19807538390159607,
        0.1007961854338646,
        0.0500209704041481,
        0.06447168439626694,
        0.03883223980665207,
        -0.000392179936170578,
        -0.027692781761288643,
        -0.10251675546169281,
        -0.06001107767224312,
        -0.04504559934139252,
        -0.09985654801130295,
        -0.24965813755989075,
        -0.19109639525413513,
        -0.18911293148994446,
        -0.26427581906318665,
        -0.30013298988342285,
        -0.2420729696750641,
        -0.2947792708873749,
        -0.2604748010635376,
        -0.21152761578559875,
        -0.24272026121616364,
        -0.31606459617614746,
        -0.3109225630760193,
        -0.41437578201293945,
        -0.3944728970527649,
        -0.4243795573711395,
        -0.5387842655181885,
        -0.47001802921295166,
        -0.47443899512290955,
        -0.48437198996543884,
        -0.4474015533924103,
        -0.4457646608352661,
        -0.5070018172264099,
        -0.47461068630218506,
        -0.5871890187263489,
        -0.6554105877876282,
        -0.6804552674293518,
        -0.6625112891197205,
        -0.758415937423706,
        -0.7432717084884644,
        -0.6697981953620911,
        -0.7131773829460144,
        -0.6462275385856628,
        -0.6068679690361023,
        -0.67149817943573,
        -0.7367328405380249,
        -0.6968098282814026,
        -0.7194770574569702,
        -0.6455098390579224,
        -0.6011450886726379,
        -0.625458836555481,
        -0.5809032320976257,
        -0.5577493906021118,
        -0.5223128199577332,
        -0.6570630073547363,
        -0.6844286918640137,
        -0.5817136764526367,
        -0.5580382347106934,
        -0.6939095258712769,
        -0.6632247567176819,
        -0.7590246200561523,
        -0.8640525341033936,
        -1.0003230571746826
    ],
    "RT": 1660,
    "barrier": 1.0,
    "bias": 0.0,
    "choice": 1,
    "d": 0.004999999888241291,
    "sigma": 0.07000000029802322,
    "theta": 1.0,
    "timeStep": 10,
    "vl": 10,
    "vr": 10
}
