parcode,trial,rt,choice,item_left,item_right,valid
0,1322,837.000000,-1,0,5
0,1323,1429.000000,-1,-10,-15
0,1324,975.000000,1,-15,-10
0,1325,1035.000000,1,-10,-5
0,1326,1439.000000,-1,10,15
0,1327,2669.000000,-1,-10,5
0,1328,1091.000000,1,-5,0
1,0,1474.000000,1,-5,5
1,1,1035.000000,1,15,0
1,2,1651.000000,-1,-10,-15
1,3,2611.000000,-1,-15,15
1,4,2011.000000,-1,5,10