parcode,trial,fix_item,fix_time
0,1322,3,167.000000
0,1322,0,58.000000
0,1322,1,276.000000
0,1322,0,96.000000
0,1322,2,240.000000
0,1323,3,161.000000
0,1323,0,62.000000
0,1323,1,230.000000
0,1323,0,84.000000
0,1323,2,416.000000
0,1323,0,92.000000
0,1323,1,384.000000
0,1324,3,163.000000
0,1324,0,62.000000
0,1324,1,220.000000
0,1324,0,90.000000
0,1324,2,440.000000
0,1325,3,159.000000
0,1325,0,60.000000
0,1325,1,212.000000
0,1325,0,90.000000
0,1325,2,514.000000
0,1326,3,145.000000
0,1326,0,58.000000
0,1326,1,302.000000
0,1326,0,94.000000
0,1326,2,500.000000
0,1326,0,94.000000
0,1326,1,246.000000
0,1327,3,161.000000
0,1327,0,62.000000
0,1327,1,234.000000
0,1327,0,90.000000
0,1327,2,1260.000000
0,1327,0,88.000000
0,1327,1,774.000000
0,1328,3,155.000000
0,1328,0,58.000000
0,1328,1,254.000000
0,1328,0,86.000000
0,1328,2,538.000000
1,0,3,270.000000
1,0,0,42.000000
1,0,1,246.000000
1,0,0,62.000000
1,0,2,558.000000
1,0,0,296.000000
1,1,3,239.000000
1,1,0,40.000000
1,1,1,200.000000
1,1,0,60.000000
1,1,2,496.000000
1,2,3,153.000000
1,2,0,40.000000
1,2,1,292.000000
1,2,0,62.000000
1,2,2,662.000000
1,2,0,62.000000
1,2,1,380.000000
1,3,3,133.000000
1,3,0,38.000000
1,3,1,184.000000
1,3,0,64.000000
1,3,2,336.000000
1,3,0,66.000000
1,3,1,954.000000
1,3,0,64.000000
1,3,2,772.000000
1,4,3,173.000000
1,4,0,42.000000
1,4,1,298.000000
1,4,0,60.000000
1,4,2,462.000000
1,4,0,62.000000
1,4,1,914.000000