parcode,trial,rt,choice,item_left,item_right,valid
0,0,1962.000000,-1,15,0
0,1,2899.000000,-1,-10,-15
0,2,1631.000000,1,-15,15