{
    "NDT": 0,
    "RDVs": [
        0.0,
        -0.0843668058514595,
        -0.19460517168045044,
        -0.109833262860775,
        -0.07097240537405014,
        -0.03230694681406021,
        -0.10972974449396133,
        -0.0949859619140625,
        -0.18211129307746887,
        -0.27683788537979126,
        -0.3434067666530609,
        -0.3505747318267822,
        -0.42880216240882874,
        -0.4994344115257263,
        -0.4757764935493469,
        -0.39880985021591187,
        -0.41517701745033264,
        -0.47696658968925476,
        -0.6141582131385803,
        -0.7298175096511841,
        -0.6489914655685425,
        -0.5228487849235535,
        -0.3518184423446655,
        -0.4114363491535187,
        -0.5556066632270813,
        -0.5877891778945923,
        -0.5204259157180786,
        -0.4526122808456421,
        -0.36723196506500244,
        -0.24958425760269165,
        -0.2409064918756485,
        -0.2191673070192337,
        -0.2191673070192337,
        -0.12916094064712524,
        -0.08691109716892242,
        -0.10186801105737686,
        -0.10546877980232239,
        -0.08219549059867859,
        -0.14474715292453766,
        -0.09225526452064514,
        -0.0144781693816185,
        0.017804525792598724,
        0.06538306176662445,
        0.07428020983934402,
        -0.007798828184604645,
        0.06965674459934235,
        0.022773079574108124,
        -0.07921051234006882,
        -0.10563570261001587,
        -0.10238786041736603,
        -0.10953271389007568,
        -0.09368818998336792,
        -0.1648157238960266,
        -0.07246982306241989,
        -0.02978392317891121,
        0.03719552978873253,
        0.08151154220104218,
        0.09675582498311996,
        -0.018602408468723297,
        0.011779284104704857,
        -0.07401302456855774,
        -0.11037859320640564,
        0.02840602397918701,
        0.01959618180990219,
        -0.150147944688797,
        -0.20199179649353027,
        -0.17418034374713898,
        -0.2109074890613556,
        -0.05033096671104431,
        -0.04604227468371391,
        -0.12001451849937439,
        -0.2288338840007782,
        -0.38348430395126343,
        -0.25572311878204346,
        -0.27808627486228943,
        -0.1781739592552185,
        -0.2598358988761902,
        -0.23614898324012756,
        -0.17331582307815552,
        -0.12423577904701233,
        -0.09462275356054306,
        -0.10546378791332245,
        -0.04098716378211975,
        0.07572747766971588,
        -0.010252803564071655,
        -0.037854328751564026,
        -0.06556306034326553,
        -0.054523125290870667,
        -0.14426448941230774,
        -0.13938935101032257,
        -0.25565993785858154,
        -0.25807854533195496,
        -0.2385479211807251,
        -0.23708999156951904,
        -0.1424694061279297,
        -0.06283033639192581,
        -0.11931980401277542,
        -0.12381662428379059,
        -0.30290237069129944,
        -0.3601359724998474,
        -0.3600125312805176,
        -0.4874490201473236,
        -0.5301028490066528,
        -0.6274480819702148,
        -0.5842379927635193,
        -0.6166107058525085,
        -0.6553863286972046,
        -0.7132922410964966,
        -0.6855155229568481,
        -0.6708728075027466,
        -0.7299333214759827,
        -0.7206444144248962,
        -0.7190811634063721,
        -0.8055703043937683,
        -0.7568482160568237,
        -0.8388725519180298,
        -0.6853008270263672,
        -0.695334792137146,
        -0.7792676091194153,
        -0.7942833304405212,
        -0.6301000118255615,
        -0.5665838718414307,
        -0.5783527493476868,
        -0.7100532054901123,
        -0.7031605243682861,
        -0.7135729789733887,
        -0.772723913192749,
        -0.8006010055541992,
        -0.8254225254058838,
        -0.8295522332191467,
        -0.7645573019981384,
        -0.8381429314613342,
        -0.8762521743774414,
        -0.7379361391067505,
        -0.715030312538147,
        -0.7840065360069275,
        -0.909045398235321,
        -0.9391639232635498,
        -0.8520105481147766,
        -0.8447472453117371,
        -0.937401294708252,
        -1.0156735181808472
    ],
    "RT": 1390,
    "barrier": 1.0,
    "bias": 0.0,
    "choice": 1,
    "d": 0.004999999888241291,
    "fixItem": [
        0,
        1,
        0,
        2,
        0
    ],
    "fixTime": [
        310,
        230,
        70,
        630,
        150
    ],
    "sigma": 0.07000000029802322,
    "theta": 1.0,
    "timeStep": 10,
    "vl": 10,
    "vr": 10
}
