{
    "NDT": 0,
    "RDVs": [
        0.0,
        -0.1693112701177597,
        -0.20844979584217072,
        -0.26114511489868164,
        -0.1270114630460739,
        -0.11773362010717392,
        -0.07544627785682678,
        0.019378438591957092,
        0.023349346593022346,
        0.016561612486839294,
        0.12073925882577896,
        0.06729598343372345,
        -0.07075797021389008,
        -0.1610507071018219,
        -0.19032955169677734,
        -0.15266050398349762,
        -0.19579866528511047,
        -0.2570427656173706,
        -0.15417376160621643,
        -0.18868298828601837,
        -0.13336512446403503,
        -0.2412658929824829,
        -0.12947458028793335,
        -0.12947458028793335,
        -0.17808404564857483,
        -0.15078361332416534,
        -0.15016141533851624,
        -0.19117863476276398,
        -0.2616608142852783,
        -0.23386594653129578,
        -0.25256478786468506,
        -0.2368447184562683,
        -0.3705633878707886,
        -0.4282747209072113,
        -0.36879682540893555,
        -0.43618232011795044,
        -0.543633222579956,
        -0.5922031998634338,
        -0.6086817383766174,
        -0.6410567760467529,
        -0.6327217221260071,
        -0.6385809183120728,
        -0.6749613285064697,
        -0.7527344226837158,
        -0.7025466561317444,
        -0.7741141319274902,
        -0.7336148023605347,
        -0.7396580576896667,
        -0.7507432103157043,
        -0.7715937495231628,
        -0.6982929706573486,
        -0.6544808149337769,
        -0.6204471588134766,
        -0.5114087462425232,
        -0.6354318261146545,
        -0.5747931599617004,
        -0.5764455795288086,
        -0.5540560483932495,
        -0.5696783661842346,
        -0.41306963562965393,
        -0.3662506341934204,
        -0.36718928813934326,
        -0.2763298451900482,
        -0.3654254376888275,
        -0.4162101149559021,
        -0.2605869174003601,
        -0.24494673311710358,
        -0.2738100290298462,
        -0.32791727781295776,
        -0.2519555389881134,
        -0.3376210927963257,
        -0.4164983928203583,
        -0.33550286293029785,
        -0.3867756426334381,
        -0.36702674627304077,
        -0.43635156750679016,
        -0.47076311707496643,
        -0.4684809446334839,
        -0.5672240257263184,
        -0.5888286828994751,
        -0.610771119594574,
        -0.5979323387145996,
        -0.5386224389076233,
        -0.6761598587036133,
        -0.6644318103790283,
        -0.6838610172271729,
        -0.7536418437957764,
        -0.7121220827102661,
        -0.7831611633300781,
        -0.7834011912345886,
        -0.8797487020492554,
        -0.7895486950874329,
        -0.8009481430053711,
        -0.7719292044639587,
        -0.7543737888336182,
        -0.7424411773681641,
        -0.6813724637031555,
        -0.8033297061920166,
        -0.8400464653968811,
        -0.8919817209243774,
        -0.888183057308197,
        -0.918317437171936,
        -0.9727994203567505,
        -0.9910798072814941,
        -1.0207427740097046
    ],
    "RT": 1010,
    "barrier": 1.0,
    "bias": 0.0,
    "choice": 1,
    "d": 0.004999999888241291,
    "sigma": 0.07000000029802322,
    "theta": 1.0,
    "timeStep": 10,
    "vl": 10,
    "vr": 10
}
