d,sigma,p
0.004,0.05,0
0.005,0.05,0
0.006,0.05,0
0.004,0.07,2.39268e-11
0.005,0.07,1
0.006,0.07,6.55687e-20
0.004,0.09,0
0.005,0.09,1.4013e-45
0.006,0.09,0
